ID,DE,KA,GENDER,EXAMPLE,BOOK,LESSON,DATE
1,der Herr(en),ბატონო...,M,,A1.1,L1,25/09/2025
2,der Name(n),სახელი-გვარი,M,,A1.1,L1,25/09/2025
3,der Buchstabe(n),"ასო, ბგერა",M,,A1.1,L1,25/09/2025
4,der Moment(e),მომენტი,M,,A1.1,L1,25/09/2025
5,der Kurs(e),"კურსი, კლასი",M,,A1.1,L1,25/09/2025
6,der Sport,სპორტი,M,,A1.1,L1,25/09/2025
7,der Vorname(n),სახელი,M,,A1.1,L1,25/09/2025
8,der Familienname(n),გვარი,M,,A1.1,L1,25/09/2025
9,der Winter,ზამთარი,M,,A1.1,L1,25/09/2025
10,der Löwe,ლომი,M,,A1.1,L1,25/09/2025
11,der Supermarkt,მაღაზია,M,,A1.1,L1,25/09/2025
12,der Hund,ძაღლი,M,,A1.1,L1,25/09/2025
13,das Foto,ფოტოსურათი,N,,A1.1,L1,25/09/2025
14,das Deutschland,გერმანია,N,,A1.1,L1,25/09/2025
15,das Österreich,ავსტრია,N,,A1.1,L1,25/09/2025
16,das Alphabet,ანბანი,N,,A1.1,L1,25/09/2025
17,das Gespräch(e),"საუბარი, დიალოგი",N,,A1.1,L1,25/09/2025
18,das Bild(er),"სურათი, ნახატი",N,,A1.1,L1,25/09/2025
19,das Wort (Wörter),სიტყვა,N,,A1.1,L1,25/09/2025
20,das Land(Länder),"ქვეყანა, რეგიონი",N,,A1.1,L1,25/09/2025
21,das Telefon(e),ტელეფონი,N,,A1.1,L1,25/09/2025
22,das Fax(e),ფაქსი,N,,A1.1,L1,25/09/2025
23,das Formular(e),"ფორმა, ანკეტა",N,,A1.1,L1,25/09/2025
24,das Auto,მანქანა,N,,A1.1,L1,25/09/2025
25,das Klassenzimmer,საკლასო ოთახი,N,,A1.1,L1,25/09/2025
26,die Dame(n),ქალბატონი,F,,A1.1,L1,25/09/2025
27,die Musik,მუსიკა,F,,A1.1,L1,25/09/2025
28,die Frau(en),"ქალი, ცოლი, ქალბატონო",F,,A1.1,L1,25/09/2025
29,die Entshuldigung(en),ბოდიში,F,,A1.1,L1,25/09/2025
30,die Firma(Firmen),კომპანია,F,,A1.1,L1,25/09/2025
31,die Schweiz,შვეიცარია,F,,A1.1,L1,25/09/2025
32,die Sprache(n),ენა (სასაუბრო),F,,A1.1,L1,25/09/2025
33,die Frage(n),შეკითხვა,F,,A1.1,L1,25/09/2025
34,die Lektion(en),გაკვეთილი წიგნში,F,,A1.1,L1,25/09/2025
35,die Antwort(en),პასუხი,F,,A1.1,L1,25/09/2025
36,die Adresse(n),მისამართი,F,,A1.1,L1,25/09/2025
37,die Visitenkarte(n),სავიზიტო ბარათი,F,,A1.1,L1,25/09/2025
38,die Straße(n),ქუჩა,F,,A1.1,L1,25/09/2025
39,die Stadt(Städte),ქალაქი,F,,A1.1,L1,25/09/2025
40,die E-mail(s),ელ. ფოსტა,F,,A1.1,L1,25/09/2025
41,die Postleitzahl(en),საფოსტო ინდექსი,F,,A1.1,L1,25/09/2025
42,die Türkei,თურქეთი,F,,A1.1,L1,25/09/2025
43,die Natur,ბუნება,F,,A1.1,L1,25/09/2025
44,die Betonung,"ინტონაცია, emphasis",F,,A1.1,L1,25/09/2025
45,die Familienmitglieder,ოჯახის წევრები,F,,A1.1,L1,25/09/2025
46,die Tante,"დეიდა, მამიდა",F,,A1.1,L1,25/09/2025
47,die Cousin,ბიძაშვილი ქალი,F,,A1.1,L1,25/09/2025
48,die Katze,კატა,F,,A1.1,L1,25/09/2025
49,buchstabieren,დამარცვლა,-,,A1.1,L1,25/09/2025
50,machen,კეთება,-,,A1.1,L1,25/09/2025
51,sprechen,საუბარი,-,"Welche Sprachen sprichst du?
Ich spreche Georgisch, Englisch, Tschechisch und ein bisschen Deutsch.",A1.1,L1,25/09/2025
52,lesen,"კითხვა, წაკითხვა",-,,A1.1,L1,25/09/2025
53,spielen,თამაში,-,,A1.1,L1,25/09/2025
54,suchen,ძებნა,-,,A1.1,L1,25/09/2025
55,fragen,შეკითხვა,-,,A1.1,L1,25/09/2025
56,nachsprechen,გამეორება (ზეპირ),-,,A1.1,L1,25/09/2025
57,meinen,"გულისხმობს, ფიქრობს",-,Was meinen Sie?,A1.1,L1,25/09/2025
58,sagen,თქმა,-,,A1.1,L1,25/09/2025
59,vergleichen,შედარება,-,,A1.1,L1,25/09/2025
60,schreiben,"წერა, დაწერა",-,,A1.1,L1,25/09/2025
61,arbeiten,მუშაობა,-,,A1.1,L1,25/09/2025
62,verbinden,"დაკავშირება, შეერთება, მისადაგება",-,,A1.1,L1,25/09/2025
63,antworten,პასუხის გაცემა,-,,A1.1,L1,25/09/2025
64,heißen,ჰქვია,-,"Wie heißt du?
Heißt du Angela? 
Wie heißt das auf Deutsch?",A1.1,L1,25/09/2025
65,sein,ყოფნა,-,,A1.1,L1,25/09/2025
66,wissen,ცოდნა (ინფ),-,Ich weiß es nicht.,A1.1,L1,25/09/2025
67,kommen,"მოსვლა, წარმომავლობა",-,"Woher kommst du?
Kommst du aus Dänemark?
Ich komme aus Georgien.",A1.1,L1,25/09/2025
68,haben,ქონა,-,,A1.1,L1,25/09/2025
69,Achten,ყურადღების მიქცევა,-,,A1.1,L1,25/09/2025
70,wie,როგორ,-,,A1.1,L1,25/09/2025
71,wer,ვინ,-,,A1.1,L1,25/09/2025
72,woher,საიდან,-,,A1.1,L1,25/09/2025
73,was,რა,-,,A1.1,L1,25/09/2025
74,wo,სად,-,,A1.1,L1,25/09/2025
75,wann,როდის,-,,A1.1,L1,25/09/2025
76,warum,რატომ,-,,A1.1,L1,25/09/2025
77,nur,"მხოლოდ, სულ რაღაც",-,,A1.1,L1,25/09/2025
78,ein bisschen,სულ ცოტათი,-,,A1.1,L1,25/09/2025
79,wie bitte?,"უკაცრავად? გაიმეორეთ, გეთაყვა",-,,A1.1,L1,25/09/2025
80,tut mir leid,ვწუხვარ,-,"Tut mir leid, Frau Beck ist nicht da.",A1.1,L1,25/09/2025
81,Vielen Dank,დიდი მადლობა,-,,A1.1,L1,25/09/2025
82,Polen,პოლონეთი,-,,A1.1,L1,25/09/2025
83,Polnisch,პოლონური,-,,A1.1,L1,25/09/2025
84,Russland,რუსეთი,-,,A1.1,L1,25/09/2025
85,Russisch,რუსული,-,,A1.1,L1,25/09/2025
86,Spanien,ესპანეთი,-,,A1.1,L1,25/09/2025
87,Spanisch,ესპანური,-,,A1.1,L1,25/09/2025
88,Großbritannien,დიდი ბრიტანეთი,-,,A1.1,L1,25/09/2025
89,Englisch,ინგლისური,-,,A1.1,L1,25/09/2025
90,China,ჩინეთი,-,,A1.1,L1,25/09/2025
91,Chinesisch,ჩინური,-,,A1.1,L1,25/09/2025
92,Frankreich,საფრანგეთი,-,,A1.1,L1,25/09/2025
93,Französisch,ფრანგული,-,,A1.1,L1,25/09/2025
94,Italien,იტალია,-,,A1.1,L1,25/09/2025
95,Italienisch,იტალიური,-,,A1.1,L1,25/09/2025
96,Griechenland,საბერძნეთი,-,,A1.1,L1,25/09/2025
97,Griechisch,ბერძნული,-,,A1.1,L1,25/09/2025
98,Abschied,დამშვიდობება,-,,A1.1,L1,25/09/2025
99,Herkunft,წარმოშობა,-,,A1.1,L1,25/09/2025
100,Japan,იაპონია,-,,A1.1,L1,25/09/2025
101,Japanisch,იაპონური,-,,A1.1,L1,25/09/2025
102,Vietnam,ვიეტნამი,-,,A1.1,L1,25/09/2025
103,Vietnamesisch,ვიეტნამური,-,,A1.1,L1,25/09/2025
104,Ungarn,უნგრეთი,-,,A1.1,L1,25/09/2025
105,Ungarisch,უნგრული,-,,A1.1,L1,25/09/2025
106,Komma,მძიმე (სასვ. ნიშანი),-,,A1.1,L1,25/09/2025
107,Punkt,წერთილი (სასვ. ნიშანი),-,,A1.1,L1,25/09/2025
108,der Lehrer(),მასწავლებელი კაცი,M,,A1.1,L2,15/10/2025
109,der Park(s),პარკი,M,,A1.1,L2,15/10/2025
110,der Vater(Väter),მამა,M,,A1.1,L2,15/10/2025
111,der Bruder (Brüder),ძმა,M,,A1.1,L2,15/10/2025
112,der Enkel(),შვილიშვილი ბიჭი,M,,A1.1,L2,15/10/2025
113,der Sohn (Söhne),ვაჟი,M,,A1.1,L2,15/10/2025
114,der Mann (Männer),"კაცი, ქმარი",M,,A1.1,L2,15/10/2025
115,der Opa(s),ბაბუა,M,,A1.1,L2,15/10/2025
116,der Großvater (Großväter),ბაბუა,M,,A1.1,L2,15/10/2025
117,der Ehemann (Ehemänner),მეუღლე კაცი (ფორმალური),M,,A1.1,L2,15/10/2025
118,der Geburtsort(e),დაბადების ადგილი,M,,A1.1,L2,15/10/2025
119,der Wohnonrt(e),საცხოვრებელი ადგილი,M,,A1.1,L2,15/10/2025
120,der Familienstand,ოჯახური მდგომარეობა,M,,A1.1,L2,15/10/2025
121,der Arzt (Ärzte),ექიმი კაცი,M,,A1.1,L2,15/10/2025
122,der Partner (),პარტნიორი კაცი,M,,A1.1,L2,15/10/2025
123,der Freund (),მეგობარი კაცი,M,,A1.1,L2,15/10/2025
124,das Jahr(e),"წელი, წელიწადი",N,"Ich bin 32 Jahre alt.
Wie alt bist du?",A1.1,L2,15/10/2025
125,das Kind(er),"ბავშვი, შვილი",N,,A1.1,L2,15/10/2025
126,das Alter(),ასაკი,N,,A1.1,L2,15/10/2025
127,die Lehrerin(nen),მასწავლებელი ქალი,F,,A1.1,L2,15/10/2025
128,die Pause(n),შესვენება,F,,A1.1,L2,15/10/2025
129,die Familie(n),ოჯახი,F,,A1.1,L2,15/10/2025
130,die Großeltern (pl),დიდი მშობლები,F,,A1.1,L2,15/10/2025
131,die Eltern(pl),მშობლები,F,,A1.1,L2,15/10/2025
132,die Geschwister(pl),და-ძმა,F,,A1.1,L2,15/10/2025
133,die Mutter(Mütter),დედა,F,,A1.1,L2,15/10/2025
134,die Enkelin(nen),შვილიშვილი გოგო,F,,A1.1,L2,15/10/2025
135,die Tochter (Töchter),ასული,F,,A1.1,L2,15/10/2025
136,die Schwester(n),და,F,,A1.1,L2,15/10/2025
137,die Oma(s),ბებია,F,,A1.1,L2,15/10/2025
138,die Großmutter (Großmütter),ბებია,F,,A1.1,L2,15/10/2025
139,die Ehefrau(en),მეუღლე ქალი (ფორმალური),F,,A1.1,L2,15/10/2025
140,die Liste(n),სია,F,,A1.1,L2,15/10/2025
141,die Zahl(en),ციფრი,F,,A1.1,L2,15/10/2025
142,die Null(en),ნული,F,,A1.1,L2,15/10/2025
143,die Nummer(n),ნომერი,F,,A1.1,L2,15/10/2025
144,die Hauptstadt (Hauptstädte),დედაქალაქი,F,,A1.1,L2,15/10/2025
145,die Polizei (sg),პოლიცია,F,,A1.1,L2,15/10/2025
146,die Partnerin(nen),პარტნიორი ქალი,F,,A1.1,L2,15/10/2025
147,die Freundin,მეგობარი ქალი,F,,A1.1,L2,15/10/2025
148,lernen,სწავლა,-,Welche Sprachen lernst du?,A1.1,L2,15/10/2025
149,leben,"ცხოვრება, სახლობა",-,,A1.1,L2,15/10/2025
150,wohnen,"ცხოვრება, დაბინავება",-,Wo wohnst du?,A1.1,L2,15/10/2025
151,liegen,მდებარეობა,-,,A1.1,L2,15/10/2025
152,kennen,"ცოდნა, ნაცნობობა",-,,A1.1,L2,15/10/2025
153,geboren,დაბადება,-,,A1.1,L2,15/10/2025
154,auch,"აგრეთე, -ც",-,,A1.1,L2,15/10/2025
155,super,ძალიან კარგი,-,,A1.1,L2,15/10/2025
156,sehr,ძალიან,-,,A1.1,L2,15/10/2025
157,gut,კარგი,-,,A1.1,L2,15/10/2025
158,falsch,მცდარი,-,,A1.1,L2,15/10/2025
159,richtig,სწორი,-,,A1.1,L2,15/10/2025
160,zusammen,ერთად,-,,A1.1,L2,15/10/2025
161,geschieden,"განქორწინებული, დაშორებული",-,Sind deine Eltern geschieden?,A1.1,L2,15/10/2025
162,verheiratet,დაქორწინებული,-,Bist du verheiratet?,A1.1,L2,15/10/2025
163,ledig,დაუქორწინებელი,-,,A1.1,L2,15/10/2025
164,verwitwet,ქვრივი,-,,A1.1,L2,15/10/2025
165,jetzt,ახლა,-,,A1.1,L2,15/10/2025
166,alt,"ასაკიანი, ძველი",-,,A1.1,L2,15/10/2025
167,jung,ახალგაზრდა,-,,A1.1,L2,15/10/2025
168,also,"ამიტომ, ამგვარად",-,,A1.1,L2,15/10/2025
169,hier,აქ,-,,A1.1,L2,15/10/2025
170,dort,იქ,-,,A1.1,L2,15/10/2025
171,aber,მაგრამ,-,,A1.1,L2,15/10/2025
172,schon,უკვე,-,,A1.1,L2,15/10/2025
173,lange,დიდი ხნით,-,,A1.1,L2,15/10/2025
174,zurzeit,"ახლა, ამჟამად",-,,A1.1,L2,15/10/2025
175,Dänemark,დანია,-,,A1.1,L2,15/10/2025
176,noch,ჯერ კიდევ,-,,A1.1,L2,15/10/2025
177,wenig,ცოტა,-,,A1.1,L2,15/10/2025
178,viel,ბევრი,-,,A1.1,L2,15/10/2025
179,heute,დღეს,-,,A1.1,L2,15/10/2025
180,der Zucker,შაქარი,M,,A1.1,L3,30/10/2025
181,der Pfannkuchen(),"ბლინი, ბლინები",M,,A1.1,L3,30/10/2025
182,der Hunger,შიმშილი,M,"Ich habe Hunger.
Nein, ich habe keinen Hunger.",A1.1,L3,30/10/2025
183,der Euro,ევრო,M,,A1.1,L3,30/10/2025
184,der Apfel (Äpfel),ვაშლი,M,,A1.1,L3,30/10/2025
185,der Kuchen,ნამცხვარი,M,,A1.1,L3,30/10/2025
186,der Kaffee(s),ყავა,M,,A1.1,L3,30/10/2025
187,der Saft(Säfte),წვენი,M,,A1.1,L3,30/10/2025
188,der Joghurt(s),იოგურტი,M,,A1.1,L3,30/10/2025
189,der Fisch(e),თევზი,M,,A1.1,L3,30/10/2025
190,der Käse,ყველი,M,,A1.1,L3,30/10/2025
191,der Tee(s),ჩაი,M,,A1.1,L3,30/10/2025
192,der Reis,ბრინჯი,M,,A1.1,L3,30/10/2025
193,der Wein(e),ღვინო,M,,A1.1,L3,30/10/2025
194,der Preis(e),ფასი,M,,A1.1,L3,30/10/2025
195,der Cent,ცენტი,M,,A1.1,L3,30/10/2025
196,der Liter,ლიტრი,M,,A1.1,L3,30/10/2025
197,der Salat(e),სალათი,M,,A1.1,L3,30/10/2025
198,der Durst,წყურვილი,M,"Ich habe Durst.
Nein, ich habe keinen Durst.",A1.1,L3,30/10/2025
199,der Pfeffer,პილპილი,M,,A1.1,L3,30/10/2025
200,der Tag(e),დღე,M,,A1.1,L3,30/10/2025
201,der Knoblauch,ნიორი,M,,A1.1,L3,30/10/2025
202,der Kürbis,კვახი,M,,A1.1,L3,30/10/2025
203,der Igel,ზღარბი,M,,A1.1,L3,30/10/2025
204,der Hai,ზვიგენი,M,,A1.1,L3,30/10/2025
205,der Becher,"ქილა, როგორც საზომი ერთეული",M,,A1.1,L3,30/10/2025
206,das Ei(er),კვერცხი,N,,A1.1,L3,30/10/2025
207,das Mehl(sg),ფქვილი,N,,A1.1,L3,30/10/2025
208,das Brötchen(),"მრგვალი პური, ფუნთუშა",N,,A1.1,L3,30/10/2025
209,das Würstchen(),პატარა სოსისი,N,,A1.1,L3,30/10/2025
210,das Brot(e),პური,N,,A1.1,L3,30/10/2025
211,das Joghurt(s),იოგურტი,N,,A1.1,L3,30/10/2025
212,das Salz(sg),მარილი,N,,A1.1,L3,30/10/2025
213,das Obst(sg),ხილი,N,,A1.1,L3,30/10/2025
214,das Gemüse(),ბოსტნეული,N,,A1.1,L3,30/10/2025
215,das Mineralwasser(sg),მინერალური წყალი,N,,A1.1,L3,30/10/2025
216,das Wasser(sg),წყალი,N,,A1.1,L3,30/10/2025
217,das Fleisch(sg),ხორცი,N,,A1.1,L3,30/10/2025
218,das Bier(e),ლუდი,N,,A1.1,L3,30/10/2025
219,das Sonderangebot(e),"ფასდაკლება, სპეც. შეთავაზება",N,,A1.1,L3,30/10/2025
220,das Lebensmittel,"პროდუქტები, საკვები",N,,A1.1,L3,30/10/2025
221,das Regal(e),თარო,N,,A1.1,L3,30/10/2025
222,das Hackfleisch(sg),გატარებული ხორცი,N,,A1.1,L3,30/10/2025
223,das Öl(e),ზეთი,N,,A1.1,L3,30/10/2025
224,das Kilo(sg),კილოგრამი,N,,A1.1,L3,30/10/2025
225,das Gramm(sg),გრამი,N,,A1.1,L3,30/10/2025
226,das Pfund,ნახ. კილო,N,,A1.1,L3,30/10/2025
227,das Restaurant,რესტორანი,N,,A1.1,L3,30/10/2025
228,das Steak(s),სტეიკი,N,,A1.1,L3,30/10/2025
229,das Hähnchen(),შემწვარი ქათამი,N,,A1.1,L3,30/10/2025
230,das Cola(s),კოკაკოლა,N,,A1.1,L3,30/10/2025
231,das Essen(),"საკვები, საჭმელი",N,,A1.1,L3,30/10/2025
232,"das Rezept(e), Kochrezept",კერძის რეცეპტი,N,,A1.1,L3,30/10/2025
233,das Glas(Gläser),შუშა,N,,A1.1,L3,30/10/2025
234,das Getränk(e),"სასმელი, დასალევი",N,Was ist dein Lieblingsgetränk?,A1.1,L3,30/10/2025
235,das Café,კაფე,N,,A1.1,L3,30/10/2025
236,das Hahn,ქათამი,N,,A1.1,L3,30/10/2025
237,das Reh,ირემი,N,,A1.1,L3,30/10/2025
238,das Tier(e),ცხოველი,N,,A1.1,L3,30/10/2025
239,die Banane(n),ბანანი,F,,A1.1,L3,30/10/2025
240,die Butter (sg),კარაქი,F,,A1.1,L3,30/10/2025
241,die Milch(sg),რძე,F,,A1.1,L3,30/10/2025
242,die Schokolade(sg),შოკოლადი,F,,A1.1,L3,30/10/2025
243,die Welt(en),მსოფლიო,F,,A1.1,L3,30/10/2025
244,die Orange(n),ფორთოხალი,F,,A1.1,L3,30/10/2025
245,die Birne(n),მსხალი,F,,A1.1,L3,30/10/2025
246,die Tomate(n),პომიდორი,F,,A1.1,L3,30/10/2025
247,die Kartoffel(n),კარტოფილი,F,,A1.1,L3,30/10/2025
248,die Zwiebel(n),ხახვი,F,,A1.1,L3,30/10/2025
249,die Abteilung(en),განყოფილება (მაღაზიაში),F,,A1.1,L3,30/10/2025
250,die Wurst(Würste),სოსისი,F,,A1.1,L3,30/10/2025
251,die Flasche(n),ბოთლი,F,,A1.1,L3,30/10/2025
252,die Dose(n),ქილა,F,,A1.1,L3,30/10/2025
253,die Sahne(sg),ნაღები,F,,A1.1,L3,30/10/2025
254,"die Mensa, Mensen",კაფეტერია,F,,A1.1,L3,30/10/2025
255,die Soße(n),"სოუსი, საწებელი",F,,A1.1,L3,30/10/2025
256,"die Pommes frites, Pommes (pl)","ფრი, კარტოფილის ჩიპსები",F,,A1.1,L3,30/10/2025
257,"die Pizza, Pizzen",პიცა,F,,A1.1,L3,30/10/2025
258,die Cola(s),კოკაკოლა,F,,A1.1,L3,30/10/2025
259,die Portion(en),პორცია,F,,A1.1,L3,30/10/2025
260,die Suppe(n),წვნიანი,F,,A1.1,L3,30/10/2025
261,die Aubergine,ბადრიჯანი,F,,A1.1,L3,30/10/2025
262,die Paprika,ბულგარული წიწაკა,F,,A1.1,L3,30/10/2025
263,die Möhre,სტაფილო,F,,A1.1,L3,30/10/2025
264,"die Nudeln, die Pasta",მაკარონი,F,,A1.1,L3,30/10/2025
265,die Biene,ფუტკარი,F,,A1.1,L3,30/10/2025
266,die Eule,ბუ,F,,A1.1,L3,30/10/2025
267,die Packung,"პაკეტი, შეფუთვა",F,,A1.1,L3,30/10/2025
268,die Lösung,"ამოხსნა, პასუხი, solution",F,,A1.1,L3,30/10/2025
269,brauchen,საჭიროება,-,,A1.1,L3,30/10/2025
270,kaufen,ყიდვა,-,,A1.1,L3,30/10/2025
271,helfen,დახმარება,-,,A1.1,L3,30/10/2025
272,kosten,ღირებულება,-,"Was kostet ein Liter Öl?
Was kosten 100 Gramm Käse?
100 Gramm Käse kosten 2,45 Euro.",A1.1,L3,30/10/2025
273,essen,ჭამა,-,,A1.1,L3,30/10/2025
274,kochen,"მომზადება, მოხარშვა",-,,A1.1,L3,30/10/2025
275,schmecken,"გასინჯვა, გემოს გაგება",-,"Das schmeckt lecker.
Schmeckt's?",A1.1,L3,30/10/2025
276,trinken,დალევა,-,"Trinkst du gerne Kaffee?
Dazu trinke ich Wasser oder ein Glas Bier.",A1.1,L3,30/10/2025
277,studieren,სწავლა,-,,A1.1,L3,30/10/2025
278,reichen,საკმარისობა,-,,A1.1,L3,30/10/2025
279,backen,"ცხობა, გამოცხობა",-,,A1.1,L3,30/10/2025
280,braten,შეწვა,-,,A1.1,L3,30/10/2025
281,möchten,"მირთმევა, გეახლებით",-,,A1.1,L3,30/10/2025
282,dann,"მაშინ (კავშ), მერე",-,,A1.1,L3,30/10/2025
283,wie viel,რამდენი,-,,A1.1,L3,30/10/2025
284,für,-თვის,-,,A1.1,L3,30/10/2025
285,Lieblings-,საყვარელი -,-,,A1.1,L3,30/10/2025
286,typisch,ტიპიური,-,,A1.1,L3,30/10/2025
287,ganz,საკმაოდ,-,Ganz gut.,A1.1,L3,30/10/2025
288,einfach,მარტივი,-,Das Rezept ist typisch deutsch und ganz einfach.,A1.1,L3,30/10/2025
289,groß,"დიდი, ფართო",-,,A1.1,L3,30/10/2025
290,zum Beispiel (z.B.),მაგალითად,-,,A1.1,L3,30/10/2025
291,teuer,ძვირი,-,Ist das teuer oder billig?,A1.1,L3,30/10/2025
292,gern(e),მოწონება ზმნასთან,-,"Was isst du gerne?
Ich esse gerne Käse.
Wir essen gerne Fisch.
Was isst du NICHT gerne?",A1.1,L3,30/10/2025
293,Das schmeckt gut.,გემრიელია,-,,A1.1,L3,30/10/2025
294,Das reicht,საკმარისია,-,,A1.1,L3,30/10/2025
295,lecker,გემრიელი,-,Sind die Birnen lecker oder eklig?,A1.1,L3,30/10/2025
296,eklig,უგემური,-,Sind die Birnen lecker oder eklig?,A1.1,L3,30/10/2025
297,der Flur(e),"კორიდორი, ჰოლი",M,,A1.1,L4,15/11/2025
298,der Balkon(e),აივანი,M,,A1.1,L4,15/11/2025
299,der Monat(e),თვე,M,,A1.1,L4,15/11/2025
300,der Schrank (Schränke),კარადა,M,,A1.1,L4,15/11/2025
301,der Kühlschrank (Kühlschränke),მაცივარი,M,,A1.1,L4,15/11/2025
302,der Tisch(e),მაგიდა,M,,A1.1,L4,15/11/2025
303,der Stuhl(Stühle),სკამი,M,,A1.1,L4,15/11/2025
304,der Fernseher(),ტვ სეტი,M,,A1.1,L4,15/11/2025
305,der Herd(e),ქურა,M,,A1.1,L4,15/11/2025
306,der Teppich(e),ხალიჩა,M,,A1.1,L4,15/11/2025
307,der Sessel(),სავარძელი,M,,A1.1,L4,15/11/2025
308,der Zentimeter(),სანტიმეტრი,M,,A1.1,L4,15/11/2025
309,der Garten (Gärten),ბაღი,M,,A1.1,L4,15/11/2025
310,der Raum (Räume),"სივრცე, არეა",M,,A1.1,L4,15/11/2025
311,der Stock (sg),სართული,M,,A1.1,L4,15/11/2025
312,der Anruf(e),ტელეფონის ზარი,M,,A1.1,L4,15/11/2025
313,der Quadratmeter(),კვ. მეტრი,M,,A1.1,L4,15/11/2025
314,der Stift(e),"საწერი საშუალება, პასტა ან ფანქარი",M,,A1.1,L4,15/11/2025
315,der Schreibtisch(e),საწერი მაგიდა,M,,A1.1,L4,15/11/2025
316,der Meter,მეტრი,M,,A1.1,L4,15/11/2025
317,der Platz(sg),"სივრცე, ადგილი",M,,A1.1,L4,15/11/2025
318,der Computer(),კომპიუტერი,M,,A1.1,L4,15/11/2025
319,der Regenschirm,ქოლგა,M,,A1.1,L4,15/11/2025
320,das Zimmer(),ოთახი,N,Ist dein Zimmer groß und hell?,A1.1,L4,15/11/2025
321,das Bad (Bäder),სააბაზანო,N,,A1.1,L4,15/11/2025
322,das Wohnzimmer(),მისაღები ოთახი,N,,A1.1,L4,15/11/2025
323,das Haus (Häuser),სახლი,N,,A1.1,L4,15/11/2025
324,das Beispiel(e),მაგალითი,N,,A1.1,L4,15/11/2025
325,das Sofa(s),დივანი,N,,A1.1,L4,15/11/2025
326,das Bett(en),საწოლი,N,,A1.1,L4,15/11/2025
327,das Gerät(e),"მოწყობილობა, აპარატი",N,,A1.1,L4,15/11/2025
328,das Elektrogerät(e),ელ. მოწყობილობა,N,,A1.1,L4,15/11/2025
329,das Handy(s),მობილური,N,,A1.1,L4,15/11/2025
330,das Ehepaar(e),"დაქორწინებული წყვილი, ცოლ-ქმარი",N,,A1.1,L4,15/11/2025
331,das Apartment(s),ბინა,N,,A1.1,L4,15/11/2025
332,das TV (sg),ტელევიზორი,N,,A1.1,L4,15/11/2025
333,das Buch (Bücher),წიგნი,N,,A1.1,L4,15/11/2025
334,das Holz (Hölzer),"ხე, როგორც მასალა",N,,A1.1,L4,15/11/2025
335,das Heft(e),რვეული,N,,A1.1,L4,15/11/2025
336,das Tagebuch,დღიური,N,,A1.1,L4,15/11/2025
337,das Gegenteil,"საპირისპირო, ანტონიმი",N,,A1.1,L4,15/11/2025
338,die Wohnung(en),"საცხოვრებელი, ბინა",F,,A1.1,L4,15/11/2025
339,die Lampe(n),სანათი,F,,A1.1,L4,15/11/2025
340,die Küche(n),სამზარეულო,F,,A1.1,L4,15/11/2025
341,die Toilette(n),ტუალეტი,F,,A1.1,L4,15/11/2025
342,die Dusche(n),საშხაპე,F,,A1.1,L4,15/11/2025
343,die Badewanne(n),აბაზანა,F,,A1.1,L4,15/11/2025
344,die Möbel(pl),ავეჯი,F,,A1.1,L4,15/11/2025
345,die Farbe(n),ფერი,F,Welche Farbe hat das Auto?,A1.1,L4,15/11/2025
346,die Arbeit(sg),"სამუშაო, სამსახური",F,,A1.1,L4,15/11/2025
347,die Anzeige(n),"განცხადება, რეკლამა",F,,A1.1,L4,15/11/2025
348,die Garage(n),ავტოფარეხი,F,,A1.1,L4,15/11/2025
349,die Miete(n),ქირა,F,,A1.1,L4,15/11/2025
350,die Hausaufgabe(n),საშინაო დავალება,F,Hast du viele Hausaufgaben?,A1.1,L4,15/11/2025
351,die Bäckerei,საცხობი,F,,A1.1,L4,15/11/2025
352,vermieten,გაქირავება,-,,A1.1,L4,15/11/2025
353,bezahlen,გადახდა,-,,A1.1,L4,15/11/2025
354,lieben,სიყვარული,-,,A1.1,L4,15/11/2025
355,glauben,"აზრის ქონა, ფიქრობს",-,,A1.1,L4,15/11/2025
356,finden,"პოვნა, აზრის ქონა",-,Wie findest du die Küche?,A1.1,L4,15/11/2025
357,schauen,ყურება,-,,A1.1,L4,15/11/2025
358,schlafen,ძილი,-,,A1.1,L4,15/11/2025
359,schwimmen,ცურვა,-,,A1.1,L4,15/11/2025
360,neu,ახალი,-,,A1.1,L4,15/11/2025
361,klein,პატარა,-,,A1.1,L4,15/11/2025
362,hell,ნათელი,-,,A1.1,L4,15/11/2025
363,dunkel,ბნელი,-,,A1.1,L4,15/11/2025
364,billig,იაფი,-,Ist das teuer oder billig?,A1.1,L4,15/11/2025
365,schön,ლამაზი,-,,A1.1,L4,15/11/2025
366,hässlich,"უშნო, მახინჯი",-,,A1.1,L4,15/11/2025
367,schmal,ვიწრო,-,,A1.1,L4,15/11/2025
368,breit,ფართო,-,,A1.1,L4,15/11/2025
369,modern,თანამედროვე,-,,A1.1,L4,15/11/2025
370,schwarz,შავი,-,,A1.1,L4,15/11/2025
371,grau,ნაცრისფერი,-,,A1.1,L4,15/11/2025
372,weiß,თეთრი,-,,A1.1,L4,15/11/2025
373,grün,მწვანე,-,,A1.1,L4,15/11/2025
374,braun,ყავისფერი,-,,A1.1,L4,15/11/2025
375,blau,ლურჯი,-,,A1.1,L4,15/11/2025
376,rot,წითელი,-,,A1.1,L4,15/11/2025
377,gelb,ყვითელი,-,,A1.1,L4,15/11/2025
378,hell- (+Farbe),ღია-ფერი,-,,A1.1,L4,15/11/2025
379,dunkel- (+Farbe),მუქი-ფერი,-,,A1.1,L4,15/11/2025
380,mal,-ჯერ,-,,A1.1,L4,15/11/2025
381,nett,"სასიამოვნო, მეგობრული",-,,A1.1,L4,15/11/2025
382,circa (ca.),დაახლოებით,-,,A1.1,L4,15/11/2025
383,privat,"კერძო, პირდაპირ ქირაობა",-,,A1.1,L4,15/11/2025
384,ab,-დან (თარიღთან),-,,A1.1,L4,15/11/2025
385,maximal (max.),მაქსიმუმ,-,,A1.1,L4,15/11/2025
386,möbliert,ავეჯით მოწყობილი,-,,A1.1,L4,15/11/2025
387,welch-e/er/es,რომელი,-,,A1.1,L4,15/11/2025
388,ungefähr,დაახლოებით,-,,A1.1,L4,15/11/2025
389,lang,გრძელი,-,,A1.1,L4,15/11/2025
390,hoch,მაღალი,-,,A1.1,L4,15/11/2025
391,ziemlich,"საკმაოდ, ძალიან",-,,A1.1,L4,15/11/2025
392,egal,"ინდიფერენტული, არ აქვს მნიშნელობა",-,,A1.1,L4,15/11/2025
393,immer,ყოველთვის,-,,A1.1,L4,15/11/2025
394,"besonder-, besonders","განსაკუთრებით, გამორჩეულად",-,,A1.1,L4,15/11/2025
395,aus Holz,ხისგან,-,,A1.1,L4,15/11/2025
396,voll,სავსე,-,,A1.1,L4,15/11/2025
397,Gesamt,"ჯამი, ჯამში",-,,A1.1,L4,15/11/2025
398,niedrig,დაბალი,-,,A1.1,L4,15/11/2025
399,ruhig,"წყნარი, მშვიდი, ჩუმი",-,,A1.1,L4,15/11/2025
400,leider,სამწუხაროდ,-,,A1.1,L4,15/11/2025
401,einkaufen,"შოპინგი, საყიდლებზე წასვლა",-,,A1.1,L4,15/11/2025
402,toll,"დიდი, great",-,,A1.1,L4,15/11/2025
403,schwer,რთული,-,,A1.1,L4,15/11/2025
404,der Zettel,"შენიშვნა, კომენტარი",M,,A1.1,L5,30/11/2025
405,der Unterricht,"გაკვეთილი,ინსტრუქცია",M,,A1.1,L5,30/11/2025
406,der feiertag,"დასვენების დღე, უქმე",M,,A1.1,L5,30/11/2025
407,der Erwachsener,"adult, ზრდასრული",M,,A1.1,L5,30/11/2025
408,das selbstbedienungsrestaurant,თვითმომსახურების რესტორანი,N,,A1.1,L5,30/11/2025
409,das rätsel,"ამოცანა, გამოცანა",N,,A1.1,L5,30/11/2025
410,die Präsentation,პრეზენტაცია,F,,A1.1,L5,30/11/2025
411,die Stunde,საათი (პერიოდი),F,,A1.1,L5,30/11/2025
412,die Unterrichtsstunden,სასწავლო საათი,F,,A1.1,L5,30/11/2025
413,die Öffnungszeiten,სამუშაო საათები,F,,A1.1,L5,30/11/2025
414,die Verabredung,"appointment, შეთანხმებული დრო",F,,A1.1,L5,30/11/2025
415,aufräumen,ოთახის დალაგება,-,,A1.1,L5,30/11/2025
416,frühstücken,საუზმობა,-,,A1.1,L5,30/11/2025
417,aufstehen,ადგომა,-,,A1.1,L5,30/11/2025
418,anrufen,დარეკვა,-,,A1.1,L5,30/11/2025
419,fernsehen,ტვ ყურება,-,,A1.1,L5,30/11/2025
420,lange arbeiten,დიდხანს მუშაობა,-,,A1.1,L5,30/11/2025
421,besuchen,"ეწვიო, დაესწრო, attend",-,,A1.1,L5,30/11/2025
422,Früh,ადრე,-,,A1.1,L5,30/11/2025
423,spät,გვიან,-,,A1.1,L5,30/11/2025
424,von früh bis spät,დილიდან ღამემდე,-,,A1.1,L5,30/11/2025
425,viertel,საათის მეოთხედი (15 წუთი),-,,A1.1,L5,30/11/2025
426,halb,ნახევარი (საათის),-,,A1.1,L5,30/11/2025
427,nach,გადაცილებული (საათზე),-,,A1.1,L5,30/11/2025
428,wie spät ist es jetzt?,რომელი საათია ახლა?,-,,A1.1,L5,30/11/2025
429,erst,ჯერ,-,,A1.1,L5,30/11/2025
430,ist es schon zwölf?,უკვე 12-ია?,-,,A1.1,L5,30/11/2025
431,"Nein, es ist erst viertel vor zwölf","არა, ჯერ 15 წუთი აკლია 12-ს.",-,,A1.1,L5,30/11/2025
432,es ist ein uhr,პირველი საათია,-,,A1.1,L5,30/11/2025
433,es ist viertel nach eins,"2-ის 15 წუთია = ""1-ს გადაცილებულია მეოთხედი საათით""",-,,A1.1,L5,30/11/2025
434,es ist halb zwei,2-ის ნახევარია,-,,A1.1,L5,30/11/2025
435,es ist viertel vor zwei,2-ს აკლია 15 წუთი,-,,A1.1,L5,30/11/2025
436,fünf vor halb zwei,"2-ის 25 წუთია = ""5 წუთი აკლია 2-ის ნახევარს""",-,,A1.1,L5,30/11/2025
437,fünf nach halb zwei,"2-ს აკლია 25 = ""5 წუთი გადაცდა 2-ის ნახევარს""",-,,A1.1,L5,30/11/2025
438,zwanzig vor neun,9-ს აკლია 20,-,,A1.1,L5,30/11/2025
439,kurz vor zwölf / gleich zwölf,თითქმის 12 საათია (ცოტა აკლიია),-,,A1.1,L5,30/11/2025
440,es ist kurz nach zwölf,12-ს გადაცდა რამდენი წუთი,-,,A1.1,L5,30/11/2025
441,wann fängt der deutschkurs an?,როდის იიწყება გერმანულის გაკვეთილი?,-,,A1.1,L5,30/11/2025
442,das passt gut,"მაწყობს, მერგება, suits, fits well",-,,A1.1,L5,30/11/2025
443,um wie viel uhr (kommst du)?,რომელ საათზე (მოდიხარ)?,-,,A1.1,L5,30/11/2025
444,fast alles,თითქმის ყველაფერი,-,,A1.1,L5,30/11/2025
445,Täglich,ყოველდღიურად,-,,A1.1,L5,30/11/2025
446,letzter einlass,ბოლო შესვლა / მიღება,-,,A1.1,L5,30/11/2025
447,geschlossen,დაკეტილი,-,,A1.1,L5,30/11/2025
448,wegen,გამო,-,,A1.1,L5,30/11/2025
449,durch,"მეშვეობით, დახმარებით, წყალობით",-,,A1.1,L5,30/11/2025
450,lärm,ხმაური,-,,A1.1,L5,30/11/2025
451,leise,ჩუმად,-,,A1.1,L5,30/11/2025
452,der Ausflug,ექსკურსია,M,,A1.1,L6,26/02/2026
453,der Flug,"მოგზაურობა, ფრენა",M,,A1.1,L6,26/02/2026
454,der Schinken,"ლორი, შაშხი",M,,A1.1,L6,26/02/2026
455,der Jahrestag,"წლისთავი, იუბილე",M,,A1.1,L6,26/02/2026
456,der Fußball,ფეხბურთი,M,,A1.1,L6,26/02/2026
457,der Urlaub,შვებულება,M,,A1.1,L6,26/02/2026
458,der Geburtstag,დაბადების დღე,M,,A1.1,L6,26/02/2026
459,der Bericht,"რეპორტი, ანგარიში",M,,A1.1,L6,26/02/2026
460,der Wetterbericht,ამინდის პროგნოზი,M,,A1.1,L6,26/02/2026
461,Am Montag,ორშაბათს,M,,A1.1,L6,26/02/2026
462,Am Dienstag,სამშაბათს,M,,A1.1,L6,26/02/2026
463,Am Mittwoch,ოთხშაბათს,M,,A1.1,L6,26/02/2026
464,Am Donnerstag,ხუთშაბათს,M,,A1.1,L6,26/02/2026
465,Am Freitag,პარასკევს,M,,A1.1,L6,26/02/2026
466,Am Samstag,შაბათს,M,,A1.1,L6,26/02/2026
467,Am Sonntag,კვირას,M,,A1.1,L6,26/02/2026
468,der Regen,წვიმა,M,,A1.1,L6,26/02/2026
469,der Wind,ქარი,M,,A1.1,L6,26/02/2026
470,der Schnee,თოვლი,M,,A1.1,L6,26/02/2026
471,der Berg (die Berge),მთა (მთები),M,,A1.1,L6,26/02/2026
472,der Spaß,"განტვირთვა, მხიარულება",M,,A1.1,L6,26/02/2026
473,im Osten,აღმოსავლეთში,M,,A1.1,L6,26/02/2026
474,im Westen,დასავლეთში,M,,A1.1,L6,26/02/2026
475,im Norden,ჩრდილოეთში,M,,A1.1,L6,26/02/2026
476,im Süden,სამხრეთში,M,,A1.1,L6,26/02/2026
477,im Frühling,გაზაფხულზე,M,,A1.1,L6,26/02/2026
478,im Sommer,ზაფხულში,M,,A1.1,L6,26/02/2026
479,im Herbst,შემოდგომით,M,,A1.1,L6,26/02/2026
480,im Winter,ზამთარში,M,,A1.1,L6,26/02/2026
481,am Morgen,დილით / ხვალ,M,,A1.1,L6,26/02/2026
482,am Vormittag,შუადღემდე,M,,A1.1,L6,26/02/2026
483,am Mittag,შუადღეს,M,,A1.1,L6,26/02/2026
484,am Nachmittag,ნაშუადღევს,M,,A1.1,L6,26/02/2026
485,am Abend,საღამოს,M,,A1.1,L6,26/02/2026
486,der Wald (Wälder),ტყე (ტყეები),M,,A1.1,L6,26/02/2026
487,der Mitte,შუა(ლა),M,,A1.1,L6,26/02/2026
488,der skifahrer,მოთხილამურე,M,,A1.1,L6,26/02/2026
489,der Krimi,კრიმინალური ჟანრის მოთხრობები,M,,A1.1,L6,26/02/2026
490,Einwohner,მაცხოვრებელი,M,,A1.1,L6,26/02/2026
491,der Zeitung,გაზეთი,M,,A1.1,L6,26/02/2026
492,der Mitarbeiter,"თანამშრომელი, დასაქმებული",M,,A1.1,L6,26/02/2026
493,das Picknick,პიკნიკი,N,,A1.1,L6,26/02/2026
494,das Wetter,ამინდი,N,,A1.1,L6,26/02/2026
495,das Wochenende,შაბათ-კვირა,N,,A1.1,L6,26/02/2026
496,Am Wochenende,შაბათ-კვირას,N,,A1.1,L6,26/02/2026
497,das Ende,დასასრული,N,,A1.1,L6,26/02/2026
498,das Viertel,საათის მეოთხედი,N,,A1.1,L6,26/02/2026
499,das Schiff,გემი,N,,A1.1,L6,26/02/2026
500,das fahrrad,მოტორიცკლეტი,N,,A1.1,L6,26/02/2026
501,das Reiseland,მოგზაურობის ქვეყანა,N,,A1.1,L6,26/02/2026
502,das steigen,"დაწყება, დამწყები",N,,A1.1,L6,26/02/2026
503,das bergsteigen,ალპინიზმი,N,,A1.1,L6,26/02/2026
504,das Gebirge,ქედი,N,,A1.1,L6,26/02/2026
505,das Segeln,ნაოსნობა,N,,A1.1,L6,26/02/2026
506,die Nachricht(en),შეტყობინება,F,,A1.1,L6,26/02/2026
507,die Sonne,მზე,F,,A1.1,L6,26/02/2026
508,die Wolke,ღრუბელი,F,,A1.1,L6,26/02/2026
509,die Speisekarte,მენიუ,F,,A1.1,L6,26/02/2026
510,die Woche,კვირა (7 დღე),F,,A1.1,L6,26/02/2026
511,die Stunde(n),დროის ინტერვალი პერიოდი,F,,A1.1,L6,26/02/2026
512,die Temperatur,ტემპერატურა,F,,A1.1,L6,26/02/2026
513,die Uhr,საათი - დროის საზომი,F,,A1.1,L6,26/02/2026
514,in der Nacht,ღამით,F,,A1.1,L6,26/02/2026
515,die Reise,მოგზაურობა,F,,A1.1,L6,26/02/2026
516,die Möglichkeit(en),შესაძლებლობა,F,,A1.1,L6,26/02/2026
517,die Alpen,ალპები,F,,A1.1,L6,26/02/2026
518,die Aufgaben,"დავალებელი, შესასრულებელი სამუშაო",F,,A1.1,L6,26/02/2026
519,die Hausaufgaben,საშინაო დავალება,F,,A1.1,L6,26/02/2026
520,auto fahren,მანქანის ტარება,-,,A1.1,L6,26/02/2026
521,wandern,ლაშქრობა,-,,A1.1,L6,26/02/2026
522,einen Ausflug machen,ექსკურსიის მოწყობა,-,,A1.1,L6,26/02/2026
523,ein Picknick machen,პიკნიკის მოწყობა,-,,A1.1,L6,26/02/2026
524,Nachrichten schreiben,შეტყობინების დაწერა,-,,A1.1,L6,26/02/2026
525,Gitarre spielen,გიტარაზე დაკვრა,-,,A1.1,L6,26/02/2026
526,telefonieren,დარეკვა,-,,A1.1,L6,26/02/2026
527,fotografieren,ფოტოს გადაღება,-,,A1.1,L6,26/02/2026
528,die Sonne scheint,მზე ანათებს,-,,A1.1,L6,26/02/2026
529,es regnet,წვიმს,-,,A1.1,L6,26/02/2026
530,speisen,ვახშმობა,-,,A1.1,L6,26/02/2026
531,freunde treffen,მეგობრებთან შეხვედრა,-,,A1.1,L6,26/02/2026
532,gefallen,"მოწონება, შთაბეჭდილების მოხდება",-,Wie gefällt dir der Schrank?,A1.1,L6,26/02/2026
533,es schneit,თოვს,-,,A1.1,L6,26/02/2026
534,nehmen,"აღება, შეკვეთა, აყვანა (ტაქსის), ამორჩევა",-,,A1.1,L6,26/02/2026
535,vergessen,დავიწყება,-,,A1.1,L6,26/02/2026
536,sehen,"დანახვა, ხედვა",-,,A1.1,L6,26/02/2026
537,mögen,"მოწონება, სიყვარული",-,,A1.1,L6,26/02/2026
538,tanzen,ცეკვა,-,,A1.1,L6,26/02/2026
539,ski fahren,თცილამურებზე სრიალი,-,,A1.1,L6,26/02/2026
540,joggen,სირბილი,-,,A1.1,L6,26/02/2026
541,grillen,"გრილი, მწვადაობა",-,,A1.1,L6,26/02/2026
542,bleiben,"დარჩენა, შენარჩუნება",-,,A1.1,L6,26/02/2026
543,es bleibt,"რჩება, გრძელდება",-,,A1.1,L6,26/02/2026
544,stehen,დგომა,-,,A1.1,L6,26/02/2026
545,anfangen,დაწყება,-,,A1.1,L6,26/02/2026
546,können,შეძლება,-,Kann ich dir helfen?,A1.1,L6,26/02/2026
547,radfahren,ველოს ტარება,-,,A1.1,L6,26/02/2026
548,fahrradfahren,მოტოს ტარება,-,,A1.1,L6,26/02/2026
549,klettern,კლდეზე ცოცვა,-,,A1.1,L6,26/02/2026
550,spezieren gehen,სასეირნოდ წასვლა,-,,A1.1,L6,26/02/2026
551,es gibt viele wolken,ბევრი ღრუბელია,-,,A1.1,L6,26/02/2026
552,das / es stimmt so,"ასეა, მართალია",-,"Stimmt's?
Du sprichst Spanisch, stimmt's?
Äpfel sind rot, stimmt's?
Ja, genau.
Das stimmt.
Das stimmt nicht.
Nein, falsch.",A1.1,L6,26/02/2026
553,doch,როგორ არა! უარყოფით შეკითხვაზე პასუხი,-,,A1.1,L6,26/02/2026
554,dabei,თან ქონა,-,,A1.1,L6,26/02/2026
555,hallo leute,სალამი ყველას,-,,A1.1,L6,26/02/2026
556,natürlich,რა თქმა უნდა,-,,A1.1,L6,26/02/2026
557,hallo Schatz,სალამი ძვირფასო,-,,A1.1,L6,26/02/2026
558,vielleicht,"ალბათ, შეიძლება",-,,A1.1,L6,26/02/2026
559,Wie ist das Wetter in Norddeutschland heute?,როგორია ამინდი ჩრდ გერმანიაში დღეს?,-,,A1.1,L6,26/02/2026
560,nächst-,შემდეგი,-,,A1.1,L6,26/02/2026
561,dies-,ამ-,-,,A1.1,L6,26/02/2026
562,Nächsten Montag,შემდეგი ორშაბათი,-,,A1.1,L6,26/02/2026
563,Diesen Freitag,ეს პარასკევი,-,,A1.1,L6,26/02/2026
564,es ist sonnig,მზეა (მზიანია),-,,A1.1,L6,26/02/2026
565,es ist regnerisch,წვიმიანია,-,,A1.1,L6,26/02/2026
566,es ist windig,ქარიანია,-,,A1.1,L6,26/02/2026
567,es ist warm,თბილა,-,,A1.1,L6,26/02/2026
568,es ist bewölkt,ღრუბლიანია,-,,A1.1,L6,26/02/2026
569,es ist kalt,ცივა,-,,A1.1,L6,26/02/2026
570,es ist heiß,ცხელა,-,,A1.1,L6,26/02/2026
571,Wichtig,მნიშვნელოვანი,-,,A1.1,L6,26/02/2026
572,jeden Tag,ყოველდღე,-,,A1.1,L6,26/02/2026
573,siehst du,ხომ ხედავ,-,,A1.1,L6,26/02/2026
574,lesen macht Spaß,კითხვა სახალისოა,-,,A1.1,L6,26/02/2026
575,am Montagmorgen,ორშ დილას,-,,A1.1,L6,26/02/2026
576,am Freitagabend,პარასკევ საღამოს,-,,A1.1,L6,26/02/2026
577,das ganze Jahr,მთელი წელი,-,,A1.1,L6,26/02/2026
578,das gefällt mir,მომწონს,-,,A1.1,L6,26/02/2026
579,soger,"დაჟე, -ც კი, თუნდაც",-,,A1.1,L6,26/02/2026
580,wunderbar,საოცარი,-,,A1.1,L6,26/02/2026
581,menge,ბევრი ხალხი,-,,A1.1,L6,26/02/2026
582,meist,"ძირითადად, ხშირად",-,,A1.1,L6,26/02/2026
583,manchmal,ხანდახან,-,,A1.1,L6,26/02/2026
584,möglich,შესაძლებელი,-,,A1.1,L6,26/02/2026
585,auf-,-ზე (ზედაპირზე),-,,A1.1,L6,26/02/2026
586,vom-,-დან (თანდებული),-,,A1.1,L6,26/02/2026
587,bis-,-მდე (თანდებული),-,,A1.1,L6,26/02/2026
588,mittel,საშუალო,-,,A1.1,L6,26/02/2026
589,interessant,საინტერესო,-,,A1.1,L6,26/02/2026
590,Ich hätte gern,I'd like,-,,A1.1,L6,26/02/2026
591,sofort,"დაუყოვნებლივ, სასწრაფოდ",-,,A1.1,L6,26/02/2026
592,überall,ყველგან,-,,A1.1,L6,26/02/2026
593,andere,სხვა,-,,A1.1,L6,26/02/2026
594,in meiner freizeit,თავისუფალ დროს (მე),-,Was machen Sie gern in der freizeit?,A1.1,L6,26/02/2026
595,fast,თითქმის,-,,A1.1,L6,26/02/2026
596,leicht bewölkt,მსუბუქად მოღრუბლული,-,,A1.1,L6,26/02/2026
597,stark bewölkt,ძლიერად მოღრუბლული,-,,A1.1,L6,26/02/2026
598,zum Biespiel,მაგალითად,-,,A1.1,L6,26/02/2026
599,zuerst,პირველ რიგში,-,,A1.1,L6,26/02/2026
600,Frühdienst,დილის / პირველი ცვლა,-,,A1.1,L6,26/02/2026
601,der Fernunterricht,დისტანციური სწავლება,M,,A1.1,L7,15/03/2026
602,die Ferien,"დღესასწაული, დასვენების დღე",F,,A1.1,L7,15/03/2026
603,die Weiterbildung,განგრძობითი / ზედა დონის განათლება,F,,A1.1,L7,15/03/2026
604,die Blume (n),ყვავილი,F,,A1.1,L7,15/03/2026
605,die Prüfund,"ტესტები, გამოცდა",F,,A1.1,L7,15/03/2026
606,üben,"ვარჯიში, პრაქტიკა",-,,A1.1,L7,15/03/2026
607,geben,მიცემა,-,,A1.1,L7,15/03/2026
608,notieren sie,"ჩაიწერეთ, ჩაინიშნეთ",-,,A1.1,L7,15/03/2026
609,kuchen backen,ნამცხვრის ცხობა,-,,A1.1,L7,15/03/2026
610,fahrrad fahren,მოტოს ტარება,-,,A1.1,L7,15/03/2026
611,reiten,ჯირითი,-,,A1.1,L7,15/03/2026
612,singen,მღერა,-,,A1.1,L7,15/03/2026
613,stricken,ქსოვა,-,,A1.1,L7,15/03/2026
614,jonglieren,ჟონგლიორობა,-,,A1.1,L7,15/03/2026
615,einen hand-stand machen,ხელებზე დგომა,-,,A1.1,L7,15/03/2026
616,Französisch sprechen,ფრანგულად საუბარი,-,,A1.1,L7,15/03/2026
617,Klavier Spielen,პიანინოზე დაკვრა,-,,A1.1,L7,15/03/2026
618,malen,ხატვა საღებავებით,-,,A1.1,L7,15/03/2026
619,Tennis spielen,ჩოგბურთის თამაში,-,,A1.1,L7,15/03/2026
620,wollen,"ნდომა, სურვილი",-,,A1.1,L7,15/03/2026
621,zeichnen,"დახატვა ""მშრალად""",-,,A1.1,L7,15/03/2026
622,kennenlernen,გაცნობა,-,,A1.1,L7,15/03/2026
623,aussehen,გამოიყურება,-,,A1.1,L7,15/03/2026
624,losfahren,"დაწყება, ""დავიძრათ"", გავეშუროთ",-,,A1.1,L7,15/03/2026
625,gleich,"მალე / იგივე, თითქმის",-,,A1.1,L7,15/03/2026
626,gestern,გუშინ,-,,A1.1,L7,15/03/2026
627,für anfänger und könner,დამწყებებისათვის და ექსპერტებისათვის,-,,A1.1,L7,15/03/2026
628,der Beruf,"პროფესია, საქმიანობა",M,Was sind Sie von Beruf?,A1.2,L8,15/04/2026
629,der Journalist,ჟურნალისტი,M,,A1.2,L8,15/04/2026
630,der Arzthelfer,სამედიცინო ასისტენტი,M,,A1.2,L8,15/04/2026
631,der Arzt,ექიმი,M,,A1.2,L8,15/04/2026
632,der Ingenieur,ინჟინერი,M,,A1.2,L8,15/04/2026
633,der Polizist,პოლიციელი,M,,A1.2,L8,15/04/2026
634,der Hausmann,მამასახლისი,M,,A1.2,L8,15/04/2026
635,der Krankenpfleger,ექთანი,M,,A1.2,L8,15/04/2026
636,der Schüler,მოსწავლე ბიჭი,M,,A1.2,L8,15/04/2026
637,der Abteilungsleiter,დეპ უფროსი,M,,A1.2,L8,15/04/2026
638,der Reiseführer,სამოგზაურო გიდი,M,,A1.2,L8,15/04/2026
639,der Verkäufer,კონსულტანტი კაცი,M,,A1.2,L8,15/04/2026
640,der Architekt,არქიტექტორი კაცი,M,,A1.2,L8,15/04/2026
641,der Arbeiter,მუშა კაცი,M,,A1.2,L8,15/04/2026
642,der Koch,მზარეული კაცი,M,,A1.2,L8,15/04/2026
643,der Bereich,პროფ. საქმიანობის სფერო,M,im Bereich der…,A1.2,L8,15/04/2026
644,der Büro,ოფისი,M,,A1.2,L8,15/04/2026
645,der Lebenslauf,"სივი, რეზიუმე",M,,A1.2,L8,15/04/2026
646,das Krankenhaus,კლინიკა,N,,A1.2,L8,15/04/2026
647,das Praktikum,სტაჟირება,N,,A1.2,L8,15/04/2026
648,die Arbeit,სამუშაო,F,,A1.2,L8,15/04/2026
649,die Geschichte,"ამბავი, ისტორია",F,,A1.2,L8,15/04/2026
650,die Praxis,"პრაქტიკა, გამოცდილება, ექიმის კაბინეტი",F,,A1.2,L8,15/04/2026
651,die Ärztin,ექიმი ქალი,F,,A1.2,L8,15/04/2026
652,die Ingeneurin,ინჟინერი ქალი,F,,A1.2,L8,15/04/2026
653,die Polizistin,პოლიციელი ქალი,F,,A1.2,L8,15/04/2026
654,die Hausfrau,დიასახლისი,F,,A1.2,L8,15/04/2026
655,die Krankenschwester,მედდა,F,,A1.2,L8,15/04/2026
656,die Ausbildung,"ტრენინგი, სტაჟირება",F,Ich mache eine Ausbildung als,A1.2,L8,15/04/2026
657,die Stelle,სამუშაო პოზიცია,F,Ich habe eine Stelle als,A1.2,L8,15/04/2026
658,die Schülerin,მოსწავლე გოგო,F,,A1.2,L8,15/04/2026
659,die Bewerbung,აპლიკაცია (მოთხოვნა),F,,A1.2,L8,15/04/2026
660,die Abteilung,დეპარტამენტი,F,,A1.2,L8,15/04/2026
661,die Wirtschaft,ეკონომიკის სფერო,F,,A1.2,L8,15/04/2026
662,die Verfügung,განკარგულება,F,,A1.2,L8,15/04/2026
663,die Berufserfahrung,პროფესიული გამოცდილება,F,,A1.2,L8,15/04/2026
664,die Kunde(n),"მომხმარებელი, კლიენტი",F,,A1.2,L8,15/04/2026
665,die Verkäuferin,კონსულტანტი ქალი,F,,A1.2,L8,15/04/2026
666,die Architektin,არქიტექტორი ქალი,F,,A1.2,L8,15/04/2026
667,die Arbeiterin,მუშა ქალი,F,,A1.2,L8,15/04/2026
668,die Köchin,მზარეული ქალი,F,,A1.2,L8,15/04/2026
669,die Dauer,"duration, ხანგრძლივობა",F,,A1.2,L8,15/04/2026
670,die Unterlage,(მიმაგრებული) დოკუმენტი,F,,A1.2,L8,15/04/2026
671,die Handel,"ვაჭრობა, კომერცია",F,,A1.2,L8,15/04/2026
672,die Kenntnis,ცოდნა,F,,A1.2,L8,15/04/2026
673,die Praktikumsdauer,სტაჟირების ხანგრძლივობა,F,,A1.2,L8,15/04/2026
674,die Vergütung,"ანაზღაურება, კომპენსაცია",F,,A1.2,L8,15/04/2026
675,Lachen,სიცილი,-,,A1.2,L8,15/04/2026
676,wählen,არჩევა,-,,A1.2,L8,15/04/2026
677,stellen,"დასვით, ჩასვით, ჩადეთ",-,,A1.2,L8,15/04/2026
678,denken,ფიქრი (ვფიქრობ),-,Was denkst du?,A1.2,L8,15/04/2026
679,dauern,"განგრძობა, განმავლობა",-,Wie lange hat die Ausbildung gedauert?,A1.2,L8,15/04/2026
680,war,იყო,-,,A1.2,L8,15/04/2026
681,zeigen,"ჩვენება, დემონსტრირება",-,,A1.2,L8,15/04/2026
682,verstehen,გაგება,-,Das verstehe ich nicht.,A1.2,L8,15/04/2026
683,bieten,შეთავაზება,-,,A1.2,L8,15/04/2026
684,schicken,გაგზავნა,-,,A1.2,L8,15/04/2026
685,erste,პირველი,-,,A1.2,L8,15/04/2026
686,allein,მარტო,-,,A1.2,L8,15/04/2026
687,nun,ახლა,-,,A1.2,L8,15/04/2026
688,eigene,საკუთარი,-,,A1.2,L8,15/04/2026
689,Ich arbeite bei ...,ვმუშაობ ...-ში,-,,A1.2,L8,15/04/2026
690,Ich arbeite als ...,"ვმუშაობ, როგორც ...",-,,A1.2,L8,15/04/2026
691,beruflich,პროფესიულად,-,,A1.2,L8,15/04/2026
692,angelstellt,დასაქმებული – “დაკონტრაქტებული”,-,,A1.2,L8,15/04/2026
693,selbstständig,თვითდასაქმებული,-,Seit wann bist du schon selbstständig?,A1.2,L8,15/04/2026
694,berufstätig,"დასაქმებული – ანუ საქმე გაქვს, არ ხარ უმუშევარი, აქ თვითდასაქმებულებიც შედიან",-,Ich arbeite jetzt nicht - Ich bin nicht berufstätig,A1.2,L8,15/04/2026
695,zurzeit arbeitslos,ამჟამად უმუშევარი,-,,A1.2,L8,15/04/2026
696,seit,"წარსულის განგრძობითი ქმედება, რომელიც ახლაც მიმდინარეობს; -დან მოყოლებული დღემდე",-,,A1.2,L8,15/04/2026
697,vor,"წინ, წარსულში დასრულებული  ქმედება, რომელიც უკვე დასრულებულია. მაგ. ამდენი წლის ""წინ""; აკლია (საათზე)",-,vor zehn jahren,A1.2,L8,15/04/2026
698,sehr geehrter,Dear - მიმართვა ელ. ფოსტის დასაწყისში,-,,A1.2,L8,15/04/2026
699,gerade,ახლახანს,-,,A1.2,L8,15/04/2026
700,für weitere informationen / fragen ...,მეტი ინფორმაციისთვის / შეკითხვების შემთხვევაში ...,-,,A1.2,L8,15/04/2026
701,zur verfügung,ხელმისაწვდომი; ფრაზა “თქვენს განკარგულებაში”,-,,A1.2,L8,15/04/2026
702,eigentlich,"სინამდვილეში, actually",-,,A1.2,L8,15/04/2026
703,später,"შემდეგ, მოგვიანებით",-,,A1.2,L8,15/04/2026
704,früher,"მანამდე, ადრე",-,,A1.2,L8,15/04/2026
705,professionell,პროფესიონალი,-,,A1.2,L8,15/04/2026
706,Jobbörse,"სამუშაო ბაზარი, სამუშაო სააგენტო",-,,A1.2,L8,15/04/2026
707,Bald,მალე,-,,A1.2,L8,15/04/2026
708,Danach,ამიტომ,-,,A1.2,L8,15/04/2026
709,im letzten jahr,შარშან,-,,A1.2,L8,15/04/2026
710,bereit,მომზადებული,-,,A1.2,L8,15/04/2026
711,lernbereit,მონდომებული (სწავლაზე),-,,A1.2,L8,15/04/2026
712,mindestens,"სულ მცირე, მინიმუმ",-,,A1.2,L8,15/04/2026
713,englischkenntnisse,ინგლისურის ცოდნა,-,,A1.2,L8,15/04/2026
714,schriftlich,წერილობითი ფორმით,-,,A1.2,L8,15/04/2026
715,fleißig,შრომისმოყვარე,-,,A1.2,L8,15/04/2026
716,gehen,"წასვლა, სიარული",-,"Wie geht's?
Wie geht es dir? / Wie geht es Ihnen?
Danke, sehr gut. Und Ihnen?",A1.1,L2,30/09/2025
717,nochmal,კიდევ,-,Nochmal bitte.,A1.1,L2,30/09/2025
718,der Deutschkurs,გერმანული ენის კურსი,M,"Wie findest du den Deutschkurs?
Deutsch ist schwer, oder?",A1.1,L2,30/09/2025
719,etwas,რაღაც,-,Sonst noch etwas?,A1.1,L3,15/10/2025
720,fertig,"დასრულებული, მზად",-,Bist du fertig?,A1.1,L3,15/10/2025
721,zufrieden,კმაყოფილი,-,Bist du zufrieden?,A1.1,L3,15/10/2025
722,Da gibt es ... / Ich sehe da ...,ესენია / აქ არის / აქ ვხედავ …,-,,A1.1,L3,15/10/2025
723,Schau mal! Guck mal!,შეხედე! ნახე!,-,,A1.1,L3,15/10/2025
724,Sag mal!,"თქვი, მითხარი",-,,A1.1,L3,15/10/2025
725,nähe,ახლოს,-,In der Nähe von Sachsen liegt Prag.,A1.1,L3,15/10/2025
